Product Name,Specifications,Brand,Review,Sentiment
Dell XPS 13,"13.4-inch FHD display, Intel Core i7, 16GB RAM, 512GB SSD, 52WHr battery",Dell,This product exceeded my expectations! Highly recommend it to anyone looking for quality.,Positive
Microsoft Surface Pro 7,"12.3-inch display, Intel Core i5, 8GB RAM, 128GB SSD",Microsoft,The performance is lacking. I wouldn't recommend it to anyone.,Negative
Apple MacBook Air M1,"13.3-inch Retina display, M1 chip, 8GB RAM, 256GB SSD, 18 hours battery life",Apple,This is by far the best product I've ever purchased. Great value for money!,Positive
LG OLED55CXPUA,"55-inch 4K OLED TV, α9 Gen 4 AI Processor 4K, Dolby Vision IQ",LG,This product exceeded my expectations! Highly recommend it to anyone looking for quality.,Positive
Microsoft Surface Pro 7,"12.3-inch display, Intel Core i5, 8GB RAM, 128GB SSD",Microsoft,It broke down after a few uses. Very unhappy with my purchase!,Negative
Samsung Galaxy S21,"6.2-inch AMOLED display, Snapdragon 888, 8GB RAM, 128GB storage, 4000mAh battery",Samsung,Best investment I've made in a while. It works just as described!,Positive
Apple iPhone 13,"6.1-inch Super Retina XDR display, A15 Bionic chip, 4GB RAM, 128GB storage, 3095mAh battery",Apple,I had a lot of issues with this product. Very disappointed overall.,Negative
Sony WH-1000XM4,"Over-ear wireless headphones, Noise cancellation, 30 hours battery life, Touch controls",Sony,Absolutely love it! The performance is fantastic and it works perfectly.,Positive
Asus ROG Zephyrus G14,"14-inch QHD display, AMD Ryzen 9, 32GB RAM, 1TB SSD, NVIDIA RTX 3060",Asus,It's difficult to use and the instructions are unclear. Not impressed.,Negative
Samsung Galaxy S21,"6.2-inch AMOLED display, Snapdragon 888, 8GB RAM, 128GB storage, 4000mAh battery",Samsung,I regret buying this. It doesn't work as advertised.,Negative
Samsung Galaxy S21,"6.2-inch AMOLED display, Snapdragon 888, 8GB RAM, 128GB storage, 4000mAh battery",Samsung,I had a lot of issues with this product. Very disappointed overall.,Negative
Apple MacBook Air M1,"13.3-inch Retina display, M1 chip, 8GB RAM, 256GB SSD, 18 hours battery life",Apple,This product exceeded my expectations! Highly recommend it to anyone looking for quality.,Positive
Apple MacBook Air M1,"13.3-inch Retina display, M1 chip, 8GB RAM, 256GB SSD, 18 hours battery life",Apple,The quality is poor and it feels cheap. Not worth the price.,Negative
LG OLED55CXPUA,"55-inch 4K OLED TV, α9 Gen 4 AI Processor 4K, Dolby Vision IQ",LG,Absolutely love it! The performance is fantastic and it works perfectly.,Positive
Apple MacBook Air M1,"13.3-inch Retina display, M1 chip, 8GB RAM, 256GB SSD, 18 hours battery life",Apple,It's difficult to use and the instructions are unclear. Not impressed.,Negative
Apple iPhone 13,"6.1-inch Super Retina XDR display, A15 Bionic chip, 4GB RAM, 128GB storage, 3095mAh battery",Apple,Excellent build quality and performance. I'm very satisfied with my purchase!,Positive
Google Nest Hub,"Smart display with Google Assistant, 7-inch touchscreen, voice control",Google,The sound quality is outstanding! It's worth every penny.,Positive
Microsoft Surface Pro 7,"12.3-inch display, Intel Core i5, 8GB RAM, 128GB SSD",Microsoft,The sound quality is outstanding! It's worth every penny.,Positive
Samsung Galaxy S21,"6.2-inch AMOLED display, Snapdragon 888, 8GB RAM, 128GB storage, 4000mAh battery",Samsung,I was pleasantly surprised by how well this product performs. Highly satisfied!,Positive
Dell XPS 13,"13.4-inch FHD display, Intel Core i7, 16GB RAM, 512GB SSD, 52WHr battery",Dell,The performance is lacking. I wouldn't recommend it to anyone.,Negative
Microsoft Surface Pro 7,"12.3-inch display, Intel Core i5, 8GB RAM, 128GB SSD",Microsoft,"I had high hopes, but this product did not deliver.",Negative
Google Nest Hub,"Smart display with Google Assistant, 7-inch touchscreen, voice control",Google,Excellent build quality and performance. I'm very satisfied with my purchase!,Positive
Asus ROG Zephyrus G14,"14-inch QHD display, AMD Ryzen 9, 32GB RAM, 1TB SSD, NVIDIA RTX 3060",Asus,Excellent build quality and performance. I'm very satisfied with my purchase!,Positive
Apple iPhone 13,"6.1-inch Super Retina XDR display, A15 Bionic chip, 4GB RAM, 128GB storage, 3095mAh battery",Apple,It broke down after a few uses. Very unhappy with my purchase!,Negative
Sony WH-1000XM4,"Over-ear wireless headphones, Noise cancellation, 30 hours battery life, Touch controls",Sony,I was pleasantly surprised by how well this product performs. Highly satisfied!,Positive
Apple iPhone 13,"6.1-inch Super Retina XDR display, A15 Bionic chip, 4GB RAM, 128GB storage, 3095mAh battery",Apple,The performance is lacking. I wouldn't recommend it to anyone.,Negative
Sony WH-1000XM4,"Over-ear wireless headphones, Noise cancellation, 30 hours battery life, Touch controls",Sony,"The customer service was great, and the product works wonderfully.",Positive
Dell XPS 13,"13.4-inch FHD display, Intel Core i7, 16GB RAM, 512GB SSD, 52WHr battery",Dell,The quality is poor and it feels cheap. Not worth the price.,Negative
Dell XPS 13,"13.4-inch FHD display, Intel Core i7, 16GB RAM, 512GB SSD, 52WHr battery",Dell,The performance is lacking. I wouldn't recommend it to anyone.,Negative
Samsung Galaxy S21,"6.2-inch AMOLED display, Snapdragon 888, 8GB RAM, 128GB storage, 4000mAh battery",Samsung,It broke down after a few uses. Very unhappy with my purchase!,Negative
Samsung Galaxy S21,"6.2-inch AMOLED display, Snapdragon 888, 8GB RAM, 128GB storage, 4000mAh battery",Samsung,Best investment I've made in a while. It works just as described!,Positive
Apple MacBook Air M1,"13.3-inch Retina display, M1 chip, 8GB RAM, 256GB SSD, 18 hours battery life",Apple,I had a lot of issues with this product. Very disappointed overall.,Negative
Fitbit Charge 5,"Fitness tracker with ECG, built-in GPS, heart rate monitoring",Fitbit,This product exceeded my expectations! Highly recommend it to anyone looking for quality.,Positive
Samsung Galaxy S21,"6.2-inch AMOLED display, Snapdragon 888, 8GB RAM, 128GB storage, 4000mAh battery",Samsung,I regret buying this. It doesn't work as advertised.,Negative
Google Nest Hub,"Smart display with Google Assistant, 7-inch touchscreen, voice control",Google,I had a lot of issues with this product. Very disappointed overall.,Negative
Microsoft Surface Pro 7,"12.3-inch display, Intel Core i5, 8GB RAM, 128GB SSD",Microsoft,I was pleasantly surprised by how well this product performs. Highly satisfied!,Positive
Asus ROG Zephyrus G14,"14-inch QHD display, AMD Ryzen 9, 32GB RAM, 1TB SSD, NVIDIA RTX 3060",Asus,The quality is poor and it feels cheap. Not worth the price.,Negative
LG OLED55CXPUA,"55-inch 4K OLED TV, α9 Gen 4 AI Processor 4K, Dolby Vision IQ",LG,I was pleasantly surprised by how well this product performs. Highly satisfied!,Positive
Dell XPS 13,"13.4-inch FHD display, Intel Core i7, 16GB RAM, 512GB SSD, 52WHr battery",Dell,The quality is poor and it feels cheap. Not worth the price.,Negative
Microsoft Surface Pro 7,"12.3-inch display, Intel Core i5, 8GB RAM, 128GB SSD",Microsoft,It's difficult to use and the instructions are unclear. Not impressed.,Negative
Samsung Galaxy S21,"6.2-inch AMOLED display, Snapdragon 888, 8GB RAM, 128GB storage, 4000mAh battery",Samsung,Excellent build quality and performance. I'm very satisfied with my purchase!,Positive
Fitbit Charge 5,"Fitness tracker with ECG, built-in GPS, heart rate monitoring",Fitbit,It broke down after a few uses. Very unhappy with my purchase!,Negative
LG OLED55CXPUA,"55-inch 4K OLED TV, α9 Gen 4 AI Processor 4K, Dolby Vision IQ",LG,I regret buying this. It doesn't work as advertised.,Negative
Microsoft Surface Pro 7,"12.3-inch display, Intel Core i5, 8GB RAM, 128GB SSD",Microsoft,"The customer service was great, and the product works wonderfully.",Positive
Apple iPhone 13,"6.1-inch Super Retina XDR display, A15 Bionic chip, 4GB RAM, 128GB storage, 3095mAh battery",Apple,I regret buying this. It doesn't work as advertised.,Negative
Asus ROG Zephyrus G14,"14-inch QHD display, AMD Ryzen 9, 32GB RAM, 1TB SSD, NVIDIA RTX 3060",Asus,This is by far the best product I've ever purchased. Great value for money!,Positive
Apple MacBook Air M1,"13.3-inch Retina display, M1 chip, 8GB RAM, 256GB SSD, 18 hours battery life",Apple,"The design is sleek and modern, and it functions perfectly.",Positive
Microsoft Surface Pro 7,"12.3-inch display, Intel Core i5, 8GB RAM, 128GB SSD",Microsoft,The quality is poor and it feels cheap. Not worth the price.,Negative
Fitbit Charge 5,"Fitness tracker with ECG, built-in GPS, heart rate monitoring",Fitbit,"The design is sleek and modern, and it functions perfectly.",Positive
Sony WH-1000XM4,"Over-ear wireless headphones, Noise cancellation, 30 hours battery life, Touch controls",Sony,It's difficult to use and the instructions are unclear. Not impressed.,Negative
Sony WH-1000XM4,"Over-ear wireless headphones, Noise cancellation, 30 hours battery life, Touch controls",Sony,"I had high hopes, but this product did not deliver.",Negative
Apple MacBook Air M1,"13.3-inch Retina display, M1 chip, 8GB RAM, 256GB SSD, 18 hours battery life",Apple,This product exceeded my expectations! Highly recommend it to anyone looking for quality.,Positive
Fitbit Charge 5,"Fitness tracker with ECG, built-in GPS, heart rate monitoring",Fitbit,I'm disappointed with this product. It didn't meet my expectations.,Negative
Apple iPhone 13,"6.1-inch Super Retina XDR display, A15 Bionic chip, 4GB RAM, 128GB storage, 3095mAh battery",Apple,It's difficult to use and the instructions are unclear. Not impressed.,Negative
Fitbit Charge 5,"Fitness tracker with ECG, built-in GPS, heart rate monitoring",Fitbit,"I had high hopes, but this product did not deliver.",Negative
LG OLED55CXPUA,"55-inch 4K OLED TV, α9 Gen 4 AI Processor 4K, Dolby Vision IQ",LG,I was pleasantly surprised by how well this product performs. Highly satisfied!,Positive
Google Nest Hub,"Smart display with Google Assistant, 7-inch touchscreen, voice control",Google,The performance is lacking. I wouldn't recommend it to anyone.,Negative
Asus ROG Zephyrus G14,"14-inch QHD display, AMD Ryzen 9, 32GB RAM, 1TB SSD, NVIDIA RTX 3060",Asus,The sound quality is outstanding! It's worth every penny.,Positive
Apple MacBook Air M1,"13.3-inch Retina display, M1 chip, 8GB RAM, 256GB SSD, 18 hours battery life",Apple,It's difficult to use and the instructions are unclear. Not impressed.,Negative
LG OLED55CXPUA,"55-inch 4K OLED TV, α9 Gen 4 AI Processor 4K, Dolby Vision IQ",LG,Absolutely love it! The performance is fantastic and it works perfectly.,Positive
Apple MacBook Air M1,"13.3-inch Retina display, M1 chip, 8GB RAM, 256GB SSD, 18 hours battery life",Apple,It's difficult to use and the instructions are unclear. Not impressed.,Negative
Dell XPS 13,"13.4-inch FHD display, Intel Core i7, 16GB RAM, 512GB SSD, 52WHr battery",Dell,"I had high hopes, but this product did not deliver.",Negative
Asus ROG Zephyrus G14,"14-inch QHD display, AMD Ryzen 9, 32GB RAM, 1TB SSD, NVIDIA RTX 3060",Asus,It's difficult to use and the instructions are unclear. Not impressed.,Negative
Samsung Galaxy S21,"6.2-inch AMOLED display, Snapdragon 888, 8GB RAM, 128GB storage, 4000mAh battery",Samsung,This product exceeded my expectations! Highly recommend it to anyone looking for quality.,Positive
Google Nest Hub,"Smart display with Google Assistant, 7-inch touchscreen, voice control",Google,Customer service was unhelpful. I won't be purchasing again.,Negative
Fitbit Charge 5,"Fitness tracker with ECG, built-in GPS, heart rate monitoring",Fitbit,"The battery life is terrible, and the product is frustrating to use.",Negative
LG OLED55CXPUA,"55-inch 4K OLED TV, α9 Gen 4 AI Processor 4K, Dolby Vision IQ",LG,The quality is poor and it feels cheap. Not worth the price.,Negative
Microsoft Surface Pro 7,"12.3-inch display, Intel Core i5, 8GB RAM, 128GB SSD",Microsoft,Excellent build quality and performance. I'm very satisfied with my purchase!,Positive
Asus ROG Zephyrus G14,"14-inch QHD display, AMD Ryzen 9, 32GB RAM, 1TB SSD, NVIDIA RTX 3060",Asus,It broke down after a few uses. Very unhappy with my purchase!,Negative
Apple iPhone 13,"6.1-inch Super Retina XDR display, A15 Bionic chip, 4GB RAM, 128GB storage, 3095mAh battery",Apple,Absolutely love it! The performance is fantastic and it works perfectly.,Positive
Sony WH-1000XM4,"Over-ear wireless headphones, Noise cancellation, 30 hours battery life, Touch controls",Sony,I was pleasantly surprised by how well this product performs. Highly satisfied!,Positive
Dell XPS 13,"13.4-inch FHD display, Intel Core i7, 16GB RAM, 512GB SSD, 52WHr battery",Dell,Excellent build quality and performance. I'm very satisfied with my purchase!,Positive
Apple iPhone 13,"6.1-inch Super Retina XDR display, A15 Bionic chip, 4GB RAM, 128GB storage, 3095mAh battery",Apple,Amazing features and very user-friendly. I would buy it again without hesitation!,Positive
Google Nest Hub,"Smart display with Google Assistant, 7-inch touchscreen, voice control",Google,This product exceeded my expectations! Highly recommend it to anyone looking for quality.,Positive
Sony WH-1000XM4,"Over-ear wireless headphones, Noise cancellation, 30 hours battery life, Touch controls",Sony,It broke down after a few uses. Very unhappy with my purchase!,Negative
Sony WH-1000XM4,"Over-ear wireless headphones, Noise cancellation, 30 hours battery life, Touch controls",Sony,"The battery life is terrible, and the product is frustrating to use.",Negative
Apple iPhone 13,"6.1-inch Super Retina XDR display, A15 Bionic chip, 4GB RAM, 128GB storage, 3095mAh battery",Apple,Excellent build quality and performance. I'm very satisfied with my purchase!,Positive
Google Nest Hub,"Smart display with Google Assistant, 7-inch touchscreen, voice control",Google,It's difficult to use and the instructions are unclear. Not impressed.,Negative
Google Nest Hub,"Smart display with Google Assistant, 7-inch touchscreen, voice control",Google,The sound quality is outstanding! It's worth every penny.,Positive
Sony WH-1000XM4,"Over-ear wireless headphones, Noise cancellation, 30 hours battery life, Touch controls",Sony,Amazing features and very user-friendly. I would buy it again without hesitation!,Positive
Fitbit Charge 5,"Fitness tracker with ECG, built-in GPS, heart rate monitoring",Fitbit,Amazing features and very user-friendly. I would buy it again without hesitation!,Positive
LG OLED55CXPUA,"55-inch 4K OLED TV, α9 Gen 4 AI Processor 4K, Dolby Vision IQ",LG,"I had high hopes, but this product did not deliver.",Negative
Dell XPS 13,"13.4-inch FHD display, Intel Core i7, 16GB RAM, 512GB SSD, 52WHr battery",Dell,This is by far the best product I've ever purchased. Great value for money!,Positive
Apple MacBook Air M1,"13.3-inch Retina display, M1 chip, 8GB RAM, 256GB SSD, 18 hours battery life",Apple,"The customer service was great, and the product works wonderfully.",Positive
Google Nest Hub,"Smart display with Google Assistant, 7-inch touchscreen, voice control",Google,This product exceeded my expectations! Highly recommend it to anyone looking for quality.,Positive
LG OLED55CXPUA,"55-inch 4K OLED TV, α9 Gen 4 AI Processor 4K, Dolby Vision IQ",LG,I had a lot of issues with this product. Very disappointed overall.,Negative
Google Nest Hub,"Smart display with Google Assistant, 7-inch touchscreen, voice control",Google,It broke down after a few uses. Very unhappy with my purchase!,Negative
Fitbit Charge 5,"Fitness tracker with ECG, built-in GPS, heart rate monitoring",Fitbit,I was pleasantly surprised by how well this product performs. Highly satisfied!,Positive
Asus ROG Zephyrus G14,"14-inch QHD display, AMD Ryzen 9, 32GB RAM, 1TB SSD, NVIDIA RTX 3060",Asus,"The customer service was great, and the product works wonderfully.",Positive
Fitbit Charge 5,"Fitness tracker with ECG, built-in GPS, heart rate monitoring",Fitbit,"The battery life is terrible, and the product is frustrating to use.",Negative
Apple iPhone 13,"6.1-inch Super Retina XDR display, A15 Bionic chip, 4GB RAM, 128GB storage, 3095mAh battery",Apple,This is by far the best product I've ever purchased. Great value for money!,Positive
Microsoft Surface Pro 7,"12.3-inch display, Intel Core i5, 8GB RAM, 128GB SSD",Microsoft,The sound quality is outstanding! It's worth every penny.,Positive
Dell XPS 13,"13.4-inch FHD display, Intel Core i7, 16GB RAM, 512GB SSD, 52WHr battery",Dell,"The customer service was great, and the product works wonderfully.",Positive
Fitbit Charge 5,"Fitness tracker with ECG, built-in GPS, heart rate monitoring",Fitbit,This product exceeded my expectations! Highly recommend it to anyone looking for quality.,Positive
Samsung Galaxy S21,"6.2-inch AMOLED display, Snapdragon 888, 8GB RAM, 128GB storage, 4000mAh battery",Samsung,I had a lot of issues with this product. Very disappointed overall.,Negative
Asus ROG Zephyrus G14,"14-inch QHD display, AMD Ryzen 9, 32GB RAM, 1TB SSD, NVIDIA RTX 3060",Asus,"I had high hopes, but this product did not deliver.",Negative
Sony WH-1000XM4,"Over-ear wireless headphones, Noise cancellation, 30 hours battery life, Touch controls",Sony,The performance is lacking. I wouldn't recommend it to anyone.,Negative
LG OLED55CXPUA,"55-inch 4K OLED TV, α9 Gen 4 AI Processor 4K, Dolby Vision IQ",LG,I regret buying this. It doesn't work as advertised.,Negative
Asus ROG Zephyrus G14,"14-inch QHD display, AMD Ryzen 9, 32GB RAM, 1TB SSD, NVIDIA RTX 3060",Asus,This product exceeded my expectations! Highly recommend it to anyone looking for quality.,Positive
Dell XPS 13,"13.4-inch FHD display, Intel Core i7, 16GB RAM, 512GB SSD, 52WHr battery",Dell,I was pleasantly surprised by how well this product performs. Highly satisfied!,Positive
